10.05.2025,22:00,Antalya
11.05.2025,12:00,Istanbul
12.05.2025,12:00,Sofia
13.05.2025,12:00,Milan
14.05.2025,12:00,Sarajevo
15.05.2025,12:00,Dubrovnik
16.05.2025,12:00,Rome
17.05.2025,12:00,Stockholm
18.05.2025,12:00,London
19.05.2025,12:00,Barcelona
20.05.2025,12:00,Moscow
21.05.2025,12:00,Paris
22.05.2025,12:00,Porto
23.05.2025,12:00,Madrid
24.05.2025,12:00,Johannesburg
25.05.2025,12:00,São Paulo
26.05.2025,12:00,Rio de Janeiro
27.05.2025,12:00,Buenos Aires
29.05.2025,12:00,Melbourne
30.05.2025,12:00,Singapore
01.06.2025,12:00,Jakarta
02.06.2025,12:00,Manila
03.06.2025,12:00,Tokyo
04.06.2025,12:00,Shangai
05.06.2025,12:00,Mexico City
06.06.2025,12:00,Los Angeles
07.06.2025,12:00,Seattle
08.06.2025,12:00,Chicago
09.06.2025,12:00,Nashville
10.06.2025,12:00,Toronto
11.06.2025,12:00,Montreal
12.06.2025,12:00,New York
13.06.2025,12:00,New York
14.06.2025,12:00,Copenhagen
15.06.2025,12:00,Tromsø
16.06.2025,12:00,Tallinn
17.06.2025,12:00,Helsinki
18.06.2025,12:00,Warsaw
19.06.2025,12:00,Kyiv
20.06.2025,12:00,Vilnius
21.06.2025,12:00,Berlin
22.06.2025,12:00,Amsterdam
23.06.2025,12:00,Brussels
24.06.2025,12:00,Budapest
25.06.2025,12:00,Belgrade
26.06.2025,12:00,Bucharest
27.06.2025,12:00,Izmir
28.06.2025,12:00,Baku
29.06.2025,12:00,Ankara
30.06.2025,12:00,Antalya
01.07.2025,12:00,Istanbul
02.07.2025,12:00,Sofia
03.07.2025,12:00,Milan
04.07.2025,12:00,Sarajevo
05.07.2025,12:00,Dubrovnik
06.07.2025,12:00,Rome
07.07.2025,12:00,Stockholm
08.07.2025,12:00,London
09.07.2025,12:00,Barcelona
10.07.2025,12:00,Moscow
11.07.2025,12:00,Paris
12.07.2025,12:00,Porto
13.07.2025,12:00,Madrid
14.07.2025,12:00,Johannesburg
15.07.2025,12:00,São Paulo
16.07.2025,12:00,Rio de Janeiro
17.07.2025,12:00,Buenos Aires
19.07.2025,12:00,Melbourne
20.07.2025,12:00,Singapore
21.07.2025,12:00,Jakarta
22.07.2025,12:00,Manila
23.07.2025,12:00,Tokyo
24.07.2025,12:00,Shangai
25.07.2025,12:00,Mexico City
27.07.2025,12:00,Los Angeles
28.07.2025,12:00,Seattle
29.07.2025,12:00,Chicago
30.07.2025,12:00,Nashville
31.07.2025,12:00,Toronto
01.08.2025,12:00,Montreal
02.08.2025,12:00,New York
03.08.2025,12:00,New York
04.08.2025,12:00,Copenhagen
05.08.2025,12:00,Tromsø
06.08.2025,12:00,Tallinn
07.08.2025,12:00,Helsinki
08.08.2025,12:00,Warsaw
09.08.2025,12:00,Kyiv
10.08.2025,12:00,Vilnius
11.08.2025,12:00,Berlin
12.08.2025,12:00,Amsterdam
13.08.2025,12:00,Brussels
14.08.2025,12:00,Budapest
15.08.2025,12:00,Belgrade
16.08.2025,12:00,Bucharest
17.08.2025,12:00,Izmir
18.08.2025,12:00,Baku
19.08.2025,12:00,Ankara
20.08.2025,12:00,Antalya
21.08.2025,12:00,Istanbul
22.08.2025,12:00,Sofia
23.08.2025,12:00,Milan
24.08.2025,12:00,Sarajevo
25.08.2025,12:00,Dubrovnik
26.08.2025,12:00,Rome
27.08.2025,12:00,Stockholm
28.08.2025,12:00,London
29.08.2025,12:00,Barcelona
30.08.2025,12:00,Moscow
31.08.2025,12:00,Paris
01.09.2025,12:00,Porto
02.09.2025,12:00,Madrid
03.09.2025,12:00,Johannesburg
04.09.2025,12:00,São Paulo
05.09.2025,12:00,Rio de Janeiro
06.09.2025,12:00,Buenos Aires
08.09.2025,12:00,Melbourne
10.05.2025,22:00,Antalya
11.05.2025,22:00,Istanbul
12.05.2025,22:00,Sofia
13.05.2025,22:00,Milan
14.05.2025,22:00,Sarajevo
15.05.2025,22:00,Dubrovnik
16.05.2025,22:00,Rome
17.05.2025,22:00,Stockholm
18.05.2025,22:00,London
19.05.2025,22:00,Barcelona
20.05.2025,22:00,Moscow
21.05.2025,22:00,Paris
22.05.2025,22:00,Porto
23.05.2025,22:00,Madrid
24.05.2025,22:00,Johannesburg
25.05.2025,22:00,São Paulo
26.05.2025,22:00,Rio de Janeiro
27.05.2025,22:00,Buenos Aires
29.05.2025,22:00,Melbourne
31.05.2025,22:00,Singapore
01.06.2025,22:00,Jakarta
02.06.2025,22:00,Manila
03.06.2025,22:00,Tokyo
04.06.2025,22:00,Shangai
05.06.2025,22:00,Mexico City
06.06.2025,22:00,Los Angeles
07.06.2025,22:00,Seattle
08.06.2025,22:00,Chicago
09.06.2025,22:00,Nashville
10.06.2025,22:00,Toronto
11.06.2025,22:00,Montreal
12.06.2025,22:00,Glasgow
13.06.2025,22:00,Glasgow
14.06.2025,22:00,Copenhagen
15.06.2025,22:00,Tromsø
16.06.2025,22:00,Tallinn
17.06.2025,22:00,Helsinki
18.06.2025,22:00,Warsaw
19.06.2025,22:00,Kyiv
20.06.2025,22:00,Vilnius
21.06.2025,22:00,Berlin
22.06.2025,22:00,Amsterdam
23.06.2025,22:00,Brussels
24.06.2025,22:00,Budapest
25.06.2025,22:00,Belgrade
26.06.2025,22:00,Bucharest
27.06.2025,22:00,Izmir
28.06.2025,22:00,Baku
29.06.2025,22:00,Ankara
30.06.2025,22:00,Antalya
01.07.2025,22:00,Istanbul
02.07.2025,22:00,Sofia
03.07.2025,22:00,Milan
04.07.2025,22:00,Sarajevo
05.07.2025,22:00,Dubrovnik
06.07.2025,22:00,Rome
07.07.2025,22:00,Stockholm
08.07.2025,22:00,London
09.07.2025,22:00,Barcelona
10.07.2025,22:00,Moscow
11.07.2025,22:00,Paris
12.07.2025,22:00,Porto
13.07.2025,22:00,Madrid
14.07.2025,22:00,Johannesburg
15.07.2025,22:00,São Paulo
16.07.2025,22:00,Rio de Janeiro
17.07.2025,22:00,Buenos Aires
19.07.2025,22:00,Melbourne
20.07.2025,22:00,Singapore
21.07.2025,22:00,Jakarta
22.07.2025,22:00,Manila
23.07.2025,22:00,Tokyo
24.07.2025,22:00,Shangai
26.07.2025,22:00,Mexico City
27.07.2025,22:00,Los Angeles
28.07.2025,22:00,Seattle
29.07.2025,22:00,Chicago
30.07.2025,22:00,Nashville
31.07.2025,22:00,Toronto
01.08.2025,22:00,Montreal
02.08.2025,22:00,Glasgow
03.08.2025,22:00,Glasgow
04.08.2025,22:00,Copenhagen
05.08.2025,22:00,Tromsø
06.08.2025,22:00,Tallinn
07.08.2025,22:00,Helsinki
08.08.2025,22:00,Warsaw
09.08.2025,22:00,Kyiv
10.08.2025,22:00,Vilnius
11.08.2025,22:00,Berlin
12.08.2025,22:00,Amsterdam
13.08.2025,22:00,Brussels
14.08.2025,22:00,Budapest
15.08.2025,22:00,Belgrade
16.08.2025,22:00,Bucharest
17.08.2025,22:00,Izmir
18.08.2025,22:00,Baku
19.08.2025,22:00,Ankara
20.08.2025,22:00,Antalya
21.08.2025,22:00,Istanbul
22.08.2025,22:00,Sofia
23.08.2025,22:00,Milan
24.08.2025,22:00,Sarajevo
25.08.2025,22:00,Dubrovnik
26.08.2025,22:00,Rome
27.08.2025,22:00,Stockholm
28.08.2025,22:00,London
29.08.2025,22:00,Barcelona
30.08.2025,22:00,Moscow
31.08.2025,22:00,Paris
01.09.2025,22:00,Porto
02.09.2025,22:00,Madrid
03.09.2025,22:00,Johannesburg
04.09.2025,22:00,São Paulo
05.09.2025,22:00,Rio de Janeiro
06.09.2025,22:00,Buenos Aires
08.09.2025,22:00,Melbourne